UID,phone number,name,address
741,6906755119,Adonis,Colton Road
1446,8648682498,Kai,Hunter Highway
3158,3763956379,Messiah,Caden Street
1660,8174854144,Everett,Samuel Road
3691,4237509243,Jonah,Nolan Highway
7992,3326751936,Beau,Ryan Street
5005,5992786952,Jayce,Ayden Alley
4791,3214041569,Dominic,Owen Road
2242,3086912979,Matthew,Charles Avenue
1581,4352075447,Diego,Easton Highway
3382,1359801531,Beau,Alejandro Road
6058,7814221679,Luka,Adrian Street
8515,4628623922,Beckett,Alex Alley
1103,5694507780,Theodore,Jaxson Alley
5751,4339564509,Judah,Felix Highway
5779,6962968260,Isaac,Judah Avenue
3986,7801224560,Timothy,Luca Road
2348,7644909804,Dominic,Emilio Street
5883,1093775563,Alejandro,Karter Avenue
6434,3368971358,Charlie,Greyson Alley
5897,9746181080,Brayden,Jesse Highway
714,7983479076,Cooper,Connor Street
1487,1650979791,Eli,Jeremy Avenue
265,7848199930,Jameson,Xander Street
7201,6136824358,Hayes,River Road
